<?xml version="1.0" encoding="UTF-8"?>
<project-private xmlns="http://www.netbeans.org/ns/project-private/1">
    <editor-bookmarks xmlns="http://www.netbeans.org/ns/editor-bookmarks/2" lastBookmarkId="0"/>
    <open-files xmlns="http://www.netbeans.org/ns/projectui-open-files/2">
        <group>
            <file>file:/C:/Users/UMER%20KHAN/Desktop/car_rental_system/src/rent/Login.java</file>
            <file>file:/C:/Users/UMER%20KHAN/Desktop/car_rental_system/src/rent/rental.java</file>
            <file>file:/C:/Users/UMER%20KHAN/Desktop/car_rental_system/src/rent/returncar.java</file>
            <file>file:/C:/Users/UMER%20KHAN/Desktop/car_rental_system/src/rent/Main.java</file>
            <file>file:/C:/Users/UMER%20KHAN/Desktop/car_rental_system/src/rent/carreg.java</file>
            <file>file:/C:/Users/UMER%20KHAN/Desktop/car_rental_system/src/rent/customer.java</file>
        </group>
    </open-files>
</project-private>
